﻿"tsp_name","tsp_applicationgroup","tsp_businessinvolvementneeded","tsp_complexity","tsp_constraints","tsp_counttowards9target","tsp_dependencynotes","tsp_dispositionnotes","tsp_dispositiontimeline","tsp_disposition","tsp_enabledbyexperiencecube","tsp_facetsitem","tsp_hostinglocation","tsp_impactfulstrategicinitiatives","importsequencenumber","tsp_initialapplicationmigrationdurationestimate6m","tsp_laborcost","tsp_legacyapplicationid","tsp_levelofexistingfunding","tsp_migrationstatus","tsp_portfolio","tsp_prioritizationrelationtofacets","tsp_priority","tsp_proposedapplicationmigrationstartyear","tsp_risksbusinessortechnical","statuscode","statecode","tsp_subportfolio","tsp_systemdependencies","tsp_targetcompletionyear","tsp_tierrating","timezoneruleversionnumber","tsp_updatedtimeline","utcconversiontimezonecode","versionnumber","owningbusinessunit"
"AIP Services - FaD Portal","100000007","Funded by IT Cloud Migration budget, 10/6. Re-platform AIP services for portals (FaD, TPA) on Azure using Azure API gateway.
AIP can be replaced by Azure API Gateway and containerizing the API servers on the back-end","Azure API Mgmt., OpenShift containerization strategy","","True","EC DataMart in Snowflake","","933770000","100000003","False","False","100000000","","30","100000000","$500,000","38836356-91f2-ee11-904c-000d3a3ac090","933770000","100000001","100000002","933770000","100000005","933770000","","1","0","100000003","","","100000000","","933770000","","14263666","2e89bb77-e580-ec11-8d21-000d3a5b3b17"
"Artifactory Title changed back","100000005","N/A","Moderate","N/A","True","Going to SaaS","Exploring potential to move to Artifactory cloud (SaaS)","","100000001","True","False","100000000","No impact","30","100000000","","48836356-91f2-ee11-904c-000d3a3ac090","100000000","","100000000","100000002","100000000","933770000","N/A","1","0","100000002","N/A","","100000001","","100000005","","14262745","2e89bb77-e580-ec11-8d21-000d3a5b3b17"
"Microsoft Intune Connector - To be confirmed","100000011","","","","False","","","","100000003","False","False","","","30","100000002","","54836356-91f2-ee11-904c-000d3a3ac090","","","100000001","","","933770000","","1","0","100000004","","100000000","","","","","14253454","2e89bb77-e580-ec11-8d21-000d3a5b3b17"
"Health Cost Guidelines Grouper (HCG) - To be confirmed","100000008","","Low","","False","","Part of EC","","100000001","False","False","933770000","","30","100000003","","52836356-91f2-ee11-904c-000d3a3ac090","100000000","","100000001","100000000","","100000000","","1","0","","","","933770000","","","","14253453","2e89bb77-e580-ec11-8d21-000d3a5b3b17"
"Solar Winds Orion","100000006","","","","True","Going to SaaS","Continued reduction of on-prem Solarwinds footprint with implementation of Dynatrace.On-prem monitoring footprint is reduced and replaced w/ Cloud-native security tooling","","100000001","False","False","933770000","","30","933770000","","50836356-91f2-ee11-904c-000d3a3ac090","933770000","","100000001","","100000012","933770000","","1","0","100000004","","","","","100000003","","14253452","2e89bb77-e580-ec11-8d21-000d3a5b3b17"
"Login Enterprise - Retired","100000006","","","","True","","Identify security tools whose footprint can be gradually reduced","","933770000","False","False","933770000","","30","100000000","","4e836356-91f2-ee11-904c-000d3a3ac090","","","100000001","","100000012","933770000","","1","0","100000004","","","","","100000001","","14253451","2e89bb77-e580-ec11-8d21-000d3a5b3b17"
"HP Application Lifecycle Management (ALM)","100000005","","","","False","","Infra tools will be retired with the transition to Azure","","933770000","False","False","933770000","","30","933770000","","4c836356-91f2-ee11-904c-000d3a3ac090","","","100000001","","100000002","933770000","","1","0","100000004","","","","","100000002","","14253450","2e89bb77-e580-ec11-8d21-000d3a5b3b17"
"Atlassian Crowd","100000005","","","","True","","Used for user authentication for Confluence and Fisheye; Will be retired in 2024","","933770000","False","False","933770000","No impact","30","933770000","","4a836356-91f2-ee11-904c-000d3a3ac090","933770000","","100000001","","100000002","933770000","N/A","1","0","100000002","Jenkins, Bitbucket, Puppet, Atlassian Suite","","","","933770000","","14253449","2e89bb77-e580-ec11-8d21-000d3a5b3b17"
"Storage for SmartComm Document Builder - AWS","100000015","Funded by IT Cloud Migration budget, 10/6. Rehost on Azure or leverage SmartComm SaaS offering","Azure Cloud Storage, Network Connectivity, Sterling Cloud Foundation","","False","Storage from 3rd Party to Azure","Wave 1","100000000","100000000","False","False","100000000","","30","933770000","$300,000","46836356-91f2-ee11-904c-000d3a3ac090","933770000","","100000002","100000001","100000001","933770000","","1","0","100000001","","","100000000","","100000003","","14253447","2e89bb77-e580-ec11-8d21-000d3a5b3b17"
"Preference Center","100000014","Replatform angular components to Azure Redhat OpenShift and APIs to Azure API Management platform.1. Rehost Employer portal on Azure (OpenShift on Azure)2.  Rehost Broker portal on Azure (OpenShift on Azure)3. Rehost Prospect portal on Azure (OpenShift on Azure)4. Re-host Preference Center (Personalization Engine) on Azure5. Re-host CCM on AzurePortals are based on single page architecture. Servers can be containerized on OpenShift or Cloud-native container services to run optimally","Radiant One, Provider Portal Migration","","True","","Wave 1","100000000","933770000","False","False","933770000","","30","933770000","","44836356-91f2-ee11-904c-000d3a3ac090","933770000","","100000002","100000001","","933770000","","1","0","100000011","","","100000000","","100000000","","14253446","2e89bb77-e580-ec11-8d21-000d3a5b3b17"
"OCR (Omni Channel Repository)","100000012","Replatform to Azure SQL Server Database (OCR)","Azure SQL Database, Azure Cloud Storage","","True","Included in 2024.","Wave 1","100000000","100000003","False","False","933770000","","30","100000000","$380,000","42836356-91f2-ee11-904c-000d3a3ac090","100000000","","100000002","100000001","100000008","933770000","","1","0","100000009","","","100000000","","100000005","","14253445","2e89bb77-e580-ec11-8d21-000d3a5b3b17"
"Member Health Record","100000010","","Experience Cube, Azure API Management","","False","New","Wave 1","100000000","100000003","False","False","933770000","","30","933770000","","40836356-91f2-ee11-904c-000d3a3ac090","100000000","","100000002","100000001","100000013","933770000","","1","0","100000006","","","100000000","","100000005","","14253444","2e89bb77-e580-ec11-8d21-000d3a5b3b17"
"FaD - Boomi Integration","100000007","Transition to Boomi Cloud host (Managed Cloud Service)","Azure Cloud Storage, Network Connectivity","","True","","Wave 1","933770000","100000003","False","False","933770000","","30","933770000","","3e836356-91f2-ee11-904c-000d3a3ac090","933770000","","100000002","100000001","100000005","933770000","","1","0","100000003","","","100000000","","933770000","","14253443","2e89bb77-e580-ec11-8d21-000d3a5b3b17"
"Find a Doctor (FaD) - Angular/Mobile","100000007","Funded by IT Cloud Migration budget, 10/6. Replatform angular components to Azure Redhat OpenShift and APIs to Azure API Management platform.1. Rehost Employer portal on Azure (OpenShift on Azure)2.  Rehost Broker portal on Azure (OpenShift on Azure)3. Rehost Prospect portal on Azure (OpenShift on Azure)4. Re-host Preference Center (Personalization Engine) on Azure5. Re-host CCM on AzurePortals are based on single page architecture. Servers can be containerized on OpenShift or Cloud-native container services to run optimally","Azure API Management, Redhat OpenShift Foundation built in Azure, Experience Cube, Elastic Cloud foundation built, Denodo replatform","","True","","Wave 1","933770000","100000003","False","False","933770000","","30","100000000","","3c836356-91f2-ee11-904c-000d3a3ac090","933770000","","100000002","100000001","100000005","933770000","","1","0","100000003","","","100000000","","933770000","","14253442","2e89bb77-e580-ec11-8d21-000d3a5b3b17"
"Elasticsearch-PROVIDERS","100000007","Funded by IT Cloud Migration budget, 10/6. Follow up-Roadmap: Moving before FACETS but is dependant on itBegin transition to Elastic Search PaaS modelInvesting and continuing to grow, want to get out of infrastructure management. PaaS/Azure are good options","FACETS, FACETS CE-ODS, Experience Cube, Assume Elastic Search will be used","","True","","Wave 1","933770000","100000001","True","False","933770000","","30","933770000","","3a836356-91f2-ee11-904c-000d3a3ac090","933770000","","100000002","100000001","100000005","933770000","","1","0","100000003","","","100000000","","933770000","","14253441","2e89bb77-e580-ec11-8d21-000d3a5b3b17"
"Web Portal Repository (WPR)","100000000","Replatform angular components to Azure Redhat OpenShift and APIs to Azure API Management platform.1. Rehost Employer portal on Azure (OpenShift on Azure)2.  Rehost Broker portal on Azure (OpenShift on Azure)3. Rehost Prospect portal on Azure (OpenShift on Azure)4. Re-host Preference Center (Personalization Engine) on Azure5. Re-host CCM on AzurePortals are based on single page architecture. Servers can be containerized on OpenShift or Cloud-native container services to run optimally","SGOR, PlanDocs, BenCap retirement, EEA Phase 2 Completion, OPTIM Archive ","","True","Agreed to pull into 2024","","933770000","933770000","False","False","933770000","","30","100000000","","36836356-91f2-ee11-904c-000d3a3ac090","100000000","100000001","100000002","100000002","","933770000","","1","0","100000010","","","100000000","","100000005","","14253439","2e89bb77-e580-ec11-8d21-000d3a5b3b17"
"IBM Web Content Management (WCM)","100000000","","Adobe AEM migration","","True","","Wave 1","933770000","933770000","False","False","933770000","","30","100000000","","34836356-91f2-ee11-904c-000d3a3ac090","933770000","","100000002","100000002","","933770000","","1","0","100000010","","","100000000","","933770000","","14253438","2e89bb77-e580-ec11-8d21-000d3a5b3b17"
"Content Authoring Environment (WCM)","100000000","","AEM Migration","","True","","Wave 1","933770000","933770000","False","False","933770000","","30","100000000","","32836356-91f2-ee11-904c-000d3a3ac090","933770000","","100000002","100000002","","933770000","","1","0","100000010","","","100000000","","933770000","","14253437","2e89bb77-e580-ec11-8d21-000d3a5b3b17"
"Zeus","100000009","N/A","","","True","VPBA Effort","N/A","100000002","933770000","False","False","100000000","Pharmacy Reimagined","30","933770000","","30836356-91f2-ee11-904c-000d3a3ac090","100000000","","100000000","100000002","","933770000","","1","0","100000008","N/A","","933770000","","100000005","","14253436","2e89bb77-e580-ec11-8d21-000d3a5b3b17"
"Pharmacy Benefit Manager","100000009","Claim BOR","","","True","VPBA Effort","N/A","933770000","100000002","False","False","100000000","No IT consumption costs; business was informed at time of purchase","30","100000001","Need Estimate","2e836356-91f2-ee11-904c-000d3a3ac090","100000000","","100000000","","100000006","933770000","","1","0","100000008","","","933770000","","100000005","","14253435","2e89bb77-e580-ec11-8d21-000d3a5b3b17"
"GalaxE","100000009","N/A","","","True","VPBA Effort","N/A","100000002","100000001","False","False","100000000","No IT consumption costs; third party reference tool hosted out of BSC","30","100000000","","2c836356-91f2-ee11-904c-000d3a3ac090","100000000","100000000","100000000","100000002","100000007","933770000","","1","0","100000008","","","933770000","","100000005","","14253434","2e89bb77-e580-ec11-8d21-000d3a5b3b17"
"Provider Network Front End","100000009","PIMS","High","","True","Check w/ Tripthi","NA","933770000","100000002","False","False","933770000","No IT consumption costs; business to cover // Business funding + Microsoft Consulting + Provider Platform Simplification","30","933770000","$100,000","2a836356-91f2-ee11-904c-000d3a3ac090","100000002","","100000000","100000002","100000011","933770000","Access Database","1","0","100000007","Provider Platform Simplification","","933770000","","100000003","","14253433","2e89bb77-e580-ec11-8d21-000d3a5b3b17"
"PR Card","100000009","PIMS/PROPS","Moderate","","True","Check w/ Tripthi","CDM","933770000","100000002","True","False","933770000","No IT consumption costs; business to cover // Business funding + Microsoft Consulting + Provider Platform Simplification","30","933770000","$100,000","28836356-91f2-ee11-904c-000d3a3ac090","100000002","","100000000","100000002","100000010","933770000","Legacy app (MyWorkPath, excel) and Oracle db","1","0","100000007","Provider Platform Simplification","","933770000","","100000003","","14253432","2e89bb77-e580-ec11-8d21-000d3a5b3b17"
"NurseHelp 24/7 Help (Optum)","100000009","Files/Raw Stage/NETEZZA/BIS","","","True","","Mem BOR,","933770000","100000003","False","False","100000000","No IT consumption costs; business was informed at time of purchase","30","933770000","N/A - business covered","26836356-91f2-ee11-904c-000d3a3ac090","100000000","","100000000","100000002","100000009","933770000","","1","0","100000005","Current state dependent on FACETS, BOR; Future state dependent on Experience Cube","","933770000","","100000003","","14253431","2e89bb77-e580-ec11-8d21-000d3a5b3b17"
"Manifest MedEx Exchange","100000004","","","","True","Integration","","","100000001","False","False","100000000","No HS consumption costs; part of ADT data / mandate funded via Exp Cube","30","933770000","","24836356-91f2-ee11-904c-000d3a3ac090","100000000","","100000000","","100000003","933770000","","1","0","100000012","","","","","100000003","","14253430","2e89bb77-e580-ec11-8d21-000d3a5b3b17"
"Care Gaps Data Mart Integ.","100000003","HEDIS Engine (Inovalon)","High","","True","New in EC","","933770000","100000003","True","False","933770000","No HS consumption costs; covered by Exp Cube","30","933770000","","22836356-91f2-ee11-904c-000d3a3ac090","100000000","","100000000","100000002","100000004","933770000","","1","0","100000012","Experience Cube","","933770000","","100000001","","14253429","2e89bb77-e580-ec11-8d21-000d3a5b3b17"
"Health Risk Assessment - Compl","100000002","","","","False","","","933770000","100000003","False","False","100000000","No HS consumption costs; part of Care Mgmt Data Mart --> Exp Cube","30","933770000","","20836356-91f2-ee11-904c-000d3a3ac090","100000001","","100000000","100000002","100000008","933770000","","1","0","100000000","","","933770000","","100000001","","14253428","2e89bb77-e580-ec11-8d21-000d3a5b3b17"
"Care Mgmt Data Mart Integ.","100000001","Experience Cube","","","True","Exp Cube dependency for retirement?","DHCS Reports","933770000","933770000","True","False","933770000","","30","100000000","","1e836356-91f2-ee11-904c-000d3a3ac090","100000000","","100000000","100000002","","933770000","","1","0","100000000","Experience Cube","","100000000","","933770000","","14253427","2e89bb77-e580-ec11-8d21-000d3a5b3b17"
"Online Claims Viewing (OCV) - Retired","100000013","","","","True","Already Retired. Part of MRT","","933770000","933770000","False","False","933770000","","30","933770000","NA","1c836356-91f2-ee11-904c-000d3a3ac090","100000000","","933770000","100000002","100000014","933770000","","1","0","933770000","","","","","100000002","","14253421","2e89bb77-e580-ec11-8d21-000d3a5b3b17"
